Date,Ticker,Action,Quantity,Price,Total,Reason
2025-12-05 17:02:54,AAPL,BUY,1,280.07000732421875,280.07000732421875,Uptrend (fallback logic)
2025-12-05 17:02:57,GOOGL,BUY,1,319.6300048828125,319.6300048828125,Uptrend (fallback logic)
2025-12-05 17:03:00,AMZN,BUY,2,230.27000427246094,460.5400085449219,Uptrend (fallback logic)
2025-12-05 17:03:04,TSLA,BUY,1,455.57000732421875,455.57000732421875,Uptrend (fallback logic)
2025-12-05 17:03:07,INTC,BUY,11,41.85499954223633,460.4049949645996,Uptrend (fallback logic)
2025-12-05 17:59:00,AZN,BUY,5,90.29000091552734,451.4500045776367,"AZN’s current price below key moving averages, combined with being named a top stock by BofA, suggests a favorable long-term outlook."
2025-12-05 17:59:38,CVX,BUY,3,151.2624969482422,453.78749084472656,"CVX is currently above both its 50-day and 200-day moving averages, coupled with positive sentiment surrounding Chevron and broader market strength, suggesting a favorable outlook."
2025-12-05 18:00:54,CSGP,BUY,4,124.0999984741211,496.3999938964844,"Despite negative sentiment surrounding the Dow, recent strong results and the stock’s proximity to its 200-day moving average suggest potential for outperformance against the MSCI World index."
2025-12-05 18:01:29,DLTR,BUY,4,124.33000183105469,497.32000732421875,"DLTR’s current price is above both its 50-day and 200-day moving averages, combined with the positive earnings sentiment, suggests a favorable outlook for outperforming the MSCI World index."
2025-12-05 18:01:46,CSCO,BUY,6,77.5999984741211,465.59999084472656,"The stock is above both key moving averages, exhibits strong 1-year returns, and recent partnership news provides a positive catalyst for growth."
2025-12-06 14:10:00,ADI,BUY,1,281.2900085449219,281.2900085449219,"ADIâ€™s price is above both its 50-day and 200-day moving averages, coupled with a strong 1-year return, suggests a bullish outlook."
2025-12-06 14:10:40,WBD,BUY,18,26.079999923706055,469.439998626709,WBDâ€™s strong 1-year return and positive news surrounding the Warner Bros. Discovery merger suggest potential upside relative to the MSCI World index.
2025-12-06 14:11:03,MDB,BUY,1,409.6199951171875,409.6199951171875,"MDBâ€™s current price significantly above its 200-day moving average, combined with a 19.3% 1-year return, suggests continued upward momentum and potential outperformance."
2025-12-09 16:05:12,AMAT,BUY,1,267.4200134277344,267.4200134277344,"The recent price target increase and overall positive sentiment, combined with a strong 1-year return, suggest AMAT is poised to outperform the MSCI World index."
2025-12-09 16:05:39,ALGN,BUY,3,161.9600067138672,485.88002014160156,"Despite the recent negative 1-year return, ALGN's current price is above both the 50-day and 200-day moving averages, coupled with a neutral news sentiment, suggests a potential upward trend."
2025-12-09 16:07:09,AVGO,BUY,1,399.2650146484375,399.2650146484375,"AVGOâ€™s price is above both key moving averages, coupled with positive market sentiment and a strong 1-year return, suggests continued upward momentum towards outperforming the MSCI World index."
